stt,id,error
20,89c6799af.jpg,1
42,b6779c3d8.jpg,1
103,6448682b1.jpg,1
141,c52549f67.jpg,1
236,afb4a915d.jpg,1
383,6d6468e24.jpg,1
29,33e96d606.jpg,2
169,26080a0ec.jpg,2
356,1c4a4b3e4.jpg,2
360,41e2389b9.jpg,2
378,871bada25.jpg,2
32,7fb7a428c.jpg,3
70,20830e4cf.jpg,3
104,a44944682.jpg,3
223,d499546c4.jpg,3
386,a75855731.jpg,3
41,3a75ddd90.jpg,4
47,51708d15c.jpg,4
107,1577c0fcd.jpg,4
130,91e30783d.jpg,4
314,c5fb9552d.jpg,4
3,0bfb71a47.jpg,5
215,b82ad8238.jpg,5
244,8b0ab1583.jpg,5
383,6d6468e24.jpg,5
